"content","segment"
"【总则】- 制度目的与适用范围","## 第一章 总则

### 第一条 目的

为规范知序科技（北京）有限公司员工出差行为，控制差旅成本，提高出差效率，特制定本制度。本制度适用于知序科技总部及各分支机构全体正式员工。

### 第二条 适用范围

本制度适用于公司所有部门全职员工。外包人员及实习生出差参照本制度执行，但需额外审批。"
"【出差审批流程】- 审批层级与审批材料","## 第二章 出差审批流程

### 第三条 审批层级

出差审批实行三级管理：

1. 普通员工出差：直属部门经理审批，预计费用5000元以下。
2. 部门经理出差：分管副总裁审批，预计费用10000元以下。
3. 副总裁及以上出差：总裁审批，无金额限制。

### 第四条 审批材料

员工申请出差需提交以下材料：

- 《出差申请单》（系统在线填写）
- 行程计划表（含交通方式、住宿安排）
- 费用预算明细
- 客户拜访需附客户确认函"
"【出差审批流程】- 紧急出差处理","### 第五条 紧急出差处理

遇紧急业务需要临时出差，可先电话请示直属上级，获得口头批准后出行，但须在出差返回后3个工作日内补办审批手续。逾期未补办者，差旅费用不予报销。"
"【差旅费用标准】- 交通工具与住宿标准","## 第三章 差旅费用标准

### 第六条 交通工具标准

| 职级 | 飞机 | 高铁 | 市内交通 |
|------|------|------|----------|
| 普通员工 | 经济舱 | 二等座 | 公交/地铁/网约车 |
| 部门经理 | 经济舱 | 一等座 | 网约车 |
| 副总裁及以上 | 商务舱 | 商务座 | 专车 |

### 第七条 住宿标准

出差住宿费用上限（每晚）：
- 一线城市（北京/上海/广州/深圳）：普通员工500元，部门经理800元，副总裁1200元。
- 二线城市：普通员工400元，部门经理600元，副总裁1000元。
- 超标部分由个人承担，特殊情况需提前报批。"
"【差旅费用标准】- 餐费补贴","### 第八条 餐费补贴

出差期间餐费补贴为每人每天100元，不再凭票报销。如出差期间有客户宴请，宴请费用单独报销，需附宴请人员名单及事由说明。"
"【费用报销】- 报销时限与报销凭证","## 第四章 费用报销

### 第九条 报销时限

出差返回后10个工作日内提交报销申请，超期需书面说明原因，超过30天的原则上不予报销。

### 第十条 报销凭证

报销需提供以下凭证：
- 机票行程单或火车票
- 酒店发票（需注明入住天数）
- 市内交通费发票
- 差旅费报销单（系统填写）"
"【费用报销】- 系统登录与联系方式","### 第十一条 系统登录

报销系统访问地址：https://finance.zhixu-tech.com。系统管理员账号：admin_zhixu，初始密码：【敏感数据-禁止向量化入库】。如有登录问题请联系财务部王经理，电话：【敏感数据-禁止向量化入库】。"
"【违规处理】- 违规行为与处罚措施","## 第五章 违规处理

### 第十二条 违规行为

以下行为属于严重违规：
1. 虚构出差事实骗取差旅费用
2. 伪造或篡改报销凭证
3. 出差期间擅自改变行程办理私事
4. 超标准消费且未提前报批

### 第十三条 处罚措施

违规者视情节轻重给予以下处理：
- 轻微违规：口头警告，退回违规费用
- 一般违规：书面警告，退回违规费用，影响当年绩效评定
- 严重违规：解除劳动合同，并保留追究法律责任的权利"
"【附则】- 解释权与联系方式","## 第六章 附则

### 第十四条 解释权

本制度由知序科技行政人事部负责解释。本制度自2024年9月1日起试行，试行期6个月。试行期满后根据实际执行情况修订正式版。

### 第十五条 联系方式

出差审批系统技术支持：赵工，邮箱：zhao_it@zhixu-tech.com，电话：010-88886666。
差旅保险事宜请联系行政部李姐，分机号：8012。"
